<?xml version="1.0" encoding="UTF-8"?>
<?xml-stylesheet type="text/xsl" href="booking.xslt"?>
<bookings xmlns:xsi="http://www.w3.org/2001/XMLSchema-instance" xsi:noNamespaceSchemaLocation="booking.xsd">

<booking><booking-id>BK66f99f28b2606</booking-id><first_name>Esmile</first_name><last_name>Zakiyyah Waajidah</last_name><id_number>E050903016250D</id_number><to_location>Istanbul, Turkey</to_location><departure_date>2024-09-12</departure_date><return_date>2024-09-21</return_date><class>economy</class><passenger><first_name>Esmile</first_name><last_name>Zakiyyah</last_name><id_number>E050903016250D</id_number></passenger><travel><to_location>Istanbul, Turkey</to_location><departure_date>2024-09-12</departure_date><return_date>2024-09-21</return_date><class>economy</class><total_price>4014</total_price></travel><payment><card_type>visa</card_type><card_number>5869745125487965898</card_number><csv>569</csv><expiry_month>01</expiry_month><expiry_year>2023</expiry_year></payment></booking></bookings>
